文件名,采样率,采样点数,时长(s),RMS,峰值,峰值(dB),峰值/RMS比,主导频率(Hz),低频能量%,中频能量%,高频能量%
tone_a.wav,22050,22050,1.0000,0.501468,0.949951,-0.45,1.8943,100.26,80.01,19.99,0.00
tone_b.wav,22050,22050,1.0000,0.499949,0.949951,-0.45,1.9001,250.32,31.24,97.15,0.00
tone_c.wav,22050,22050,1.0000,0.539645,0.949951,-0.45,1.7603,440.08,0.03,91.71,8.26
